arm,seed,step,reward,score
OPENJEV_RAW,1,0,0.0,0.0
OPENJEV_RAW,1,1,0.0,0.0
OPENJEV_RAW,2,0,0.0,0.0
OPENJEV_RAW,2,1,0.0,0.0
OPENJEV_RAW,3,0,0.0,0.0
OPENJEV_RAW,3,1,0.0,0.0
OPENJEV_RAW,4,0,0.0,0.0
OPENJEV_RAW,4,1,0.0,0.0
OPENJEV_RAW,5,0,0.0,0.0
OPENJEV_RAW,5,1,0.0,0.0
OPENJEV_VITHIA_L1,1,0,0.0,0.0
OPENJEV_VITHIA_L1,1,1,0.0,0.0
OPENJEV_VITHIA_L1,2,0,0.0,0.0
OPENJEV_VITHIA_L1,2,1,0.0,0.0
OPENJEV_VITHIA_L1,3,0,0.0,0.0
OPENJEV_VITHIA_L1,3,1,0.0,0.0
OPENJEV_VITHIA_L1,4,0,0.0,0.0
OPENJEV_VITHIA_L1,4,1,0.0,0.0
OPENJEV_VITHIA_L1,5,0,0.0,0.0
OPENJEV_VITHIA_L1,5,1,0.0,0.0
