experiment,claim,metric,value
E1,H1d,successes,619
E1,H1d,n,768
E1,H1d,fraction,0.8059895833333334
E1,H1d,wilson95,"[0.7765278921028996, 0.8324054511747713]"
E1,H1d,difference_from_preregistered_0_90,-0.09401041666666665
E1,H1d,original_state,NOT_SUPPORTED
E1,H1e,n_missing,768
E1,H1e,n_exact,768
E1,H1e,cliffs_delta,0.0
E1,H1e,median_difference,0.0
E1,H1e,median_difference_bootstrap95,"[0.0, 0.0]"
E1,H1e,original_state,FAIL_TO_REJECT_H0
E1,H1e_v2,n_missing,256
E1,H1e_v2,n_exact,256
E1,H1e_v2,cliffs_delta,-0.00701904296875
E1,H1e_v2,median_difference,0.0
E1,H1e_v2,median_difference_bootstrap95,"[0.0, 0.0]"
E1,H1e_v2,original_state,FAIL_TO_REJECT_H0
E2,H2d,matched_units,52
E2,H2d,mean_accuracy_difference_correct_minus_shuffled,0.08653846153846154
E2,H2d,bootstrap95_accuracy_difference,"[0.019230769230769232, 0.16346153846153846]"
E2,H2d,mean_unknown_difference_no_history_minus_correct,1.0
E2,H2d,bootstrap95_unknown_difference,"[1.0, 1.0]"
E2,H2d,original_state,SUPPORTED
E3,H3b,pairs,200
E3,H3b,mean_paired_gain_difference,0.20515706
E3,H3b,median_paired_gain_difference,0.0
E3,H3b,paired_cohen_dz,0.16842316774264438
E3,H3b,bootstrap95_mean_difference,"[0.03791179662500002, 0.3774886713749999]"
E3,H3b,original_state,SUPPORTED
E3,H3c,pairs,200
E3,H3c,mean_signed_actual_minus_eig,0.04493295499999995
E3,H3c,abs_mean_gap,0.04493295499999995
E3,H3c,bootstrap95_signed_mean,"[-0.07003615625000006, 0.17089338862499995]"
E3,H3c,bootstrap95_abs_mean_gap,"[0.07013741112500005, 0.1712627756249999]"
E3,H3c,original_state,SUPPORTED
E3,abstention,states,66
E3,abstention,total_states,367
E3,abstention,fraction,0.17983651226158037
