arm,seed,step,move,fire,action
OPENJEV_RAW,1,0,NONE,YES,FIRE
OPENJEV_RAW,1,1,NONE,YES,FIRE
OPENJEV_RAW,1,2,NONE,YES,FIRE
OPENJEV_RAW,2,0,NONE,YES,FIRE
OPENJEV_RAW,2,1,NONE,YES,FIRE
OPENJEV_RAW,2,2,NONE,YES,FIRE
OPENJEV_RAW,3,0,NONE,YES,FIRE
OPENJEV_RAW,3,1,NONE,YES,FIRE
OPENJEV_RAW,3,2,NONE,YES,FIRE
OPENJEV_VITHIA_L1,1,0,NONE,YES,FIRE
OPENJEV_VITHIA_L1,1,1,NONE,YES,FIRE
OPENJEV_VITHIA_L1,1,2,NONE,YES,FIRE
OPENJEV_VITHIA_L1,2,0,NONE,YES,FIRE
OPENJEV_VITHIA_L1,2,1,NONE,YES,FIRE
OPENJEV_VITHIA_L1,2,2,NONE,YES,FIRE
OPENJEV_VITHIA_L1,3,0,NONE,YES,FIRE
OPENJEV_VITHIA_L1,3,1,NONE,YES,FIRE
OPENJEV_VITHIA_L1,3,2,NONE,YES,FIRE
