context,mean_final_divergence,mean_order_abs_effect,n,noncommutative_fraction,rule_1,rule_2
HORIZONTAL|balanced|0.05,0.065625,0.0,10,0.0,14,14
HORIZONTAL|balanced|0.05,0.065625,0.0,10,0.0,14,113
HORIZONTAL|balanced|0.05,0.065625,0.0,10,0.0,14,142
HORIZONTAL|balanced|0.05,0.0609375,0.0140625,10,1.0,14,143
HORIZONTAL|balanced|0.05,0.065625,0.0,10,0.0,113,14
HORIZONTAL|balanced|0.05,0.0671875,0.0,10,0.0,113,113
HORIZONTAL|balanced|0.05,0.0671875,0.0,10,0.0,113,142
HORIZONTAL|balanced|0.05,0.0578125,0.0,10,0.0,113,143
HORIZONTAL|balanced|0.05,0.065625,0.0,10,0.0,142,14
HORIZONTAL|balanced|0.05,0.0671875,0.0,10,0.0,142,113
HORIZONTAL|balanced|0.05,0.0671875,0.0,10,0.0,142,142
HORIZONTAL|balanced|0.05,0.0578125,0.0,10,0.0,142,143
HORIZONTAL|balanced|0.05,0.05625,0.0140625,10,1.0,143,14
HORIZONTAL|balanced|0.05,0.0578125,0.0,10,0.0,143,113
HORIZONTAL|balanced|0.05,0.0578125,0.0,10,0.0,143,142
HORIZONTAL|balanced|0.05,0.0578125,0.0,10,0.0,143,143
HORIZONTAL|balanced|0.10,0.1140625,0.0,10,0.0,57,57
HORIZONTAL|balanced|0.10,0.1,0.053125,10,1.0,57,75
HORIZONTAL|balanced|0.10,0.0828125,0.0625,10,1.0,57,99
HORIZONTAL|balanced|0.10,0.1,0.0765625,10,1.0,57,184
HORIZONTAL|balanced|0.10,0.115625,0.053125,10,1.0,75,57
HORIZONTAL|balanced|0.10,0.140625,0.0,10,0.0,75,75
HORIZONTAL|balanced|0.10,0.128125,0.053125,10,1.0,75,99
HORIZONTAL|balanced|0.10,0.103125,0.0578125,10,1.0,75,184
HORIZONTAL|balanced|0.10,0.0828125,0.0625,10,1.0,99,57
HORIZONTAL|balanced|0.10,0.140625,0.053125,10,1.0,99,75
HORIZONTAL|balanced|0.10,0.1328125,0.0,10,0.0,99,99
HORIZONTAL|balanced|0.10,0.08125,0.0796875,10,1.0,99,184
HORIZONTAL|balanced|0.10,0.1265625,0.0765625,10,1.0,184,57
HORIZONTAL|balanced|0.10,0.1203125,0.0578125,10,1.0,184,75
HORIZONTAL|balanced|0.10,0.1140625,0.0796875,10,1.0,184,99
HORIZONTAL|balanced|0.10,0.103125,0.0,10,0.0,184,184
HORIZONTAL|balanced|0.20,0.1703125,0.0,10,0.0,41,41
HORIZONTAL|balanced|0.20,0.178125,0.040625,10,1.0,41,45
HORIZONTAL|balanced|0.20,0.1734375,0.04375,10,1.0,41,57
HORIZONTAL|balanced|0.20,0.1921875,0.0515625,10,1.0,41,137
HORIZONTAL|balanced|0.20,0.184375,0.040625,10,1.0,45,41
HORIZONTAL|balanced|0.20,0.209375,0.0,10,0.0,45,45
HORIZONTAL|balanced|0.20,0.2125,0.1078125,10,1.0,45,57
HORIZONTAL|balanced|0.20,0.1984375,0.05,10,1.0,45,137
HORIZONTAL|balanced|0.20,0.1484375,0.04375,10,1.0,57,41
HORIZONTAL|balanced|0.20,0.1234375,0.1078125,10,1.0,57,45
HORIZONTAL|balanced|0.20,0.153125,0.0,10,0.0,57,57
HORIZONTAL|balanced|0.20,0.1578125,0.065625,10,1.0,57,137
HORIZONTAL|balanced|0.20,0.1875,0.0515625,10,1.0,137,41
HORIZONTAL|balanced|0.20,0.1765625,0.05,10,1.0,137,45
HORIZONTAL|balanced|0.20,0.1359375,0.065625,10,1.0,137,57
HORIZONTAL|balanced|0.20,0.1609375,0.0,10,0.0,137,137
HORIZONTAL|dense|0.05,0.0578125,0.0,10,0.0,43,43
HORIZONTAL|dense|0.05,0.10625,0.0171875,10,0.9,43,60
HORIZONTAL|dense|0.05,0.10625,0.0171875,10,0.9,43,195
HORIZONTAL|dense|0.05,0.0578125,0.0,10,0.0,43,212
HORIZONTAL|dense|0.05,0.1046875,0.0171875,10,0.9,60,43
HORIZONTAL|dense|0.05,0.125,0.0,10,0.0,60,60
HORIZONTAL|dense|0.05,0.125,0.0,10,1.0,60,195
HORIZONTAL|dense|0.05,0.1046875,0.0171875,10,0.9,60,212
HORIZONTAL|dense|0.05,0.1046875,0.0171875,10,0.9,195,43
HORIZONTAL|dense|0.05,0.125,0.0,10,1.0,195,60
HORIZONTAL|dense|0.05,0.125,0.0,10,0.0,195,195
HORIZONTAL|dense|0.05,0.1046875,0.0171875,10,0.9,195,212
HORIZONTAL|dense|0.05,0.0578125,0.0,10,0.0,212,43
HORIZONTAL|dense|0.05,0.10625,0.0171875,10,0.9,212,60
HORIZONTAL|dense|0.05,0.10625,0.0171875,10,0.9,212,195
HORIZONTAL|dense|0.05,0.0578125,0.0,10,0.0,212,212
HORIZONTAL|dense|0.10,0.1578125,0.0,10,0.0,54,54
HORIZONTAL|dense|0.10,0.1171875,0.05,10,1.0,54,111
HORIZONTAL|dense|0.10,0.134375,0.0171875,10,0.9,54,119
HORIZONTAL|dense|0.10,0.134375,0.05625,10,0.9,54,127
HORIZONTAL|dense|0.10,0.1203125,0.05,10,1.0,111,54
HORIZONTAL|dense|0.10,0.1046875,0.0,10,0.0,111,111
HORIZONTAL|dense|0.10,0.1109375,0.0171875,10,1.0,111,119
HORIZONTAL|dense|0.10,0.1078125,0.021875,10,1.0,111,127
HORIZONTAL|dense|0.10,0.1359375,0.0171875,10,0.9,119,54
HORIZONTAL|dense|0.10,0.096875,0.0171875,10,1.0,119,111
HORIZONTAL|dense|0.10,0.1078125,0.0,10,0.0,119,119
HORIZONTAL|dense|0.10,0.1078125,0.0,10,0.0,119,127
HORIZONTAL|dense|0.10,0.109375,0.05625,10,0.9,127,54
HORIZONTAL|dense|0.10,0.1015625,0.021875,10,1.0,127,111
HORIZONTAL|dense|0.10,0.1078125,0.0,10,0.0,127,119
HORIZONTAL|dense|0.10,0.1078125,0.0,10,0.0,127,127
HORIZONTAL|dense|0.20,0.2171875,0.0,10,0.0,89,89
HORIZONTAL|dense|0.20,0.2109375,0.03125,10,1.0,89,95
HORIZONTAL|dense|0.20,0.1953125,0.021875,10,1.0,89,99
HORIZONTAL|dense|0.20,0.18125,0.046875,10,1.0,89,127
HORIZONTAL|dense|0.20,0.1890625,0.03125,10,1.0,95,89
HORIZONTAL|dense|0.20,0.1953125,0.0,10,0.0,95,95
HORIZONTAL|dense|0.20,0.1875,0.021875,10,1.0,95,99
HORIZONTAL|dense|0.20,0.2,0.0125,10,0.6,95,127
HORIZONTAL|dense|0.20,0.1796875,0.021875,10,1.0,99,89
HORIZONTAL|dense|0.20,0.196875,0.021875,10,1.0,99,95
HORIZONTAL|dense|0.20,0.1859375,0.0,10,0.0,99,99
HORIZONTAL|dense|0.20,0.1703125,0.065625,10,1.0,99,127
HORIZONTAL|dense|0.20,0.196875,0.046875,10,1.0,127,89
HORIZONTAL|dense|0.20,0.19375,0.0125,10,0.6,127,95
HORIZONTAL|dense|0.20,0.1984375,0.065625,10,1.0,127,99
HORIZONTAL|dense|0.20,0.190625,0.0,10,0.0,127,127
HORIZONTAL|single|0.05,0.0625,0.0,10,0.0,1,1
HORIZONTAL|single|0.05,0.046875,0.01875,10,1.0,1,25
HORIZONTAL|single|0.05,0.0625,0.0,10,0.0,1,37
HORIZONTAL|single|0.05,0.0625,0.03125,10,1.0,1,41
HORIZONTAL|single|0.05,0.065625,0.01875,10,1.0,25,1
HORIZONTAL|single|0.05,0.04375,0.0,10,0.0,25,25
HORIZONTAL|single|0.05,0.1046875,0.0578125,10,1.0,25,37
HORIZONTAL|single|0.05,0.0390625,0.0859375,10,1.0,25,41
HORIZONTAL|single|0.05,0.0625,0.0,10,0.0,37,1
HORIZONTAL|single|0.05,0.046875,0.0578125,10,1.0,37,25
HORIZONTAL|single|0.05,0.0625,0.0,10,0.0,37,37
HORIZONTAL|single|0.05,0.0640625,0.0625,10,1.0,37,41
HORIZONTAL|single|0.05,0.09375,0.03125,10,1.0,41,1
HORIZONTAL|single|0.05,0.125,0.0859375,10,1.0,41,25
HORIZONTAL|single|0.05,0.1265625,0.0625,10,1.0,41,37
HORIZONTAL|single|0.05,0.0640625,0.0,10,0.0,41,41
HORIZONTAL|single|0.10,0.1109375,0.0,10,0.0,1,1
HORIZONTAL|single|0.10,0.1109375,0.0,10,0.0,1,5
HORIZONTAL|single|0.10,0.1109375,0.0,10,0.0,1,17
HORIZONTAL|single|0.10,0.08125,0.0015625,10,0.2,1,97
HORIZONTAL|single|0.10,0.1109375,0.0,10,0.0,5,1
HORIZONTAL|single|0.10,0.1109375,0.0,10,0.0,5,5
HORIZONTAL|single|0.10,0.1109375,0.0015625,10,0.1,5,17
HORIZONTAL|single|0.10,0.08125,0.015625,10,0.9,5,97
HORIZONTAL|single|0.10,0.1109375,0.0,10,0.0,17,1
HORIZONTAL|single|0.10,0.109375,0.0015625,10,0.1,17,5
HORIZONTAL|single|0.10,0.1078125,0.0,10,0.0,17,17
HORIZONTAL|single|0.10,0.0765625,0.0,10,0.1,17,97
HORIZONTAL|single|0.10,0.0796875,0.0015625,10,0.2,97,1
HORIZONTAL|single|0.10,0.090625,0.015625,10,0.9,97,5
HORIZONTAL|single|0.10,0.0765625,0.0,10,0.1,97,17
HORIZONTAL|single|0.10,0.1078125,0.0,10,0.0,97,97
HORIZONTAL|single|0.20,0.203125,0.0,10,0.0,1,1
HORIZONTAL|single|0.20,0.171875,0.009375,10,0.2,1,41
HORIZONTAL|single|0.20,0.190625,0.04375,10,1.0,1,57
HORIZONTAL|single|0.20,0.171875,0.040625,10,1.0,1,75
HORIZONTAL|single|0.20,0.16875,0.009375,10,0.2,41,1
HORIZONTAL|single|0.20,0.15625,0.0,10,0.0,41,41
HORIZONTAL|single|0.20,0.190625,0.03125,10,1.0,41,57
HORIZONTAL|single|0.20,0.2171875,0.09375,10,1.0,41,75
HORIZONTAL|single|0.20,0.234375,0.04375,10,1.0,57,1
HORIZONTAL|single|0.20,0.165625,0.03125,10,1.0,57,41
HORIZONTAL|single|0.20,0.1921875,0.0,10,0.0,57,57
HORIZONTAL|single|0.20,0.190625,0.025,10,1.0,57,75
HORIZONTAL|single|0.20,0.209375,0.040625,10,1.0,75,1
HORIZONTAL|single|0.20,0.1234375,0.09375,10,1.0,75,41
HORIZONTAL|single|0.20,0.178125,0.025,10,1.0,75,57
HORIZONTAL|single|0.20,0.1953125,0.0,10,0.0,75,75
HORIZONTAL|sparse|0.05,0.0609375,0.0,10,0.0,1,1
HORIZONTAL|sparse|0.05,0.0640625,0.0296875,10,1.0,1,25
HORIZONTAL|sparse|0.05,0.109375,0.01875,10,0.8,1,60
HORIZONTAL|sparse|0.05,0.109375,0.03125,10,1.0,1,195
HORIZONTAL|sparse|0.05,0.071875,0.0296875,10,1.0,25,1
HORIZONTAL|sparse|0.05,0.071875,0.0,10,0.0,25,25
HORIZONTAL|sparse|0.05,0.10625,0.021875,10,1.0,25,60
HORIZONTAL|sparse|0.05,0.10625,0.0359375,10,1.0,25,195
HORIZONTAL|sparse|0.05,0.11875,0.01875,10,0.8,60,1
HORIZONTAL|sparse|0.05,0.115625,0.021875,10,1.0,60,25
HORIZONTAL|sparse|0.05,0.125,0.0,10,0.0,60,60
HORIZONTAL|sparse|0.05,0.125,0.0,10,1.0,60,195
HORIZONTAL|sparse|0.05,0.09375,0.03125,10,1.0,195,1
HORIZONTAL|sparse|0.05,0.1171875,0.0359375,10,1.0,195,25
HORIZONTAL|sparse|0.05,0.125,0.0,10,1.0,195,60
HORIZONTAL|sparse|0.05,0.125,0.0,10,0.0,195,195
HORIZONTAL|sparse|0.10,0.109375,0.0,10,0.0,1,1
HORIZONTAL|sparse|0.10,0.1125,0.00625,10,0.5,1,5
HORIZONTAL|sparse|0.10,0.1046875,0.01875,10,0.8,1,11
HORIZONTAL|sparse|0.10,0.109375,0.0,10,0.0,1,17
HORIZONTAL|sparse|0.10,0.11875,0.00625,10,0.5,5,1
HORIZONTAL|sparse|0.10,0.115625,0.0,10,0.0,5,5
HORIZONTAL|sparse|0.10,0.121875,0.0109375,10,0.9,5,11
HORIZONTAL|sparse|0.10,0.121875,0.0125,10,0.7,5,17
HORIZONTAL|sparse|0.10,0.1140625,0.01875,10,0.8,11,1
HORIZONTAL|sparse|0.10,0.1171875,0.0109375,10,0.9,11,5
HORIZONTAL|sparse|0.10,0.109375,0.0,10,0.0,11,11
HORIZONTAL|sparse|0.10,0.1078125,0.0140625,10,0.5,11,17
HORIZONTAL|sparse|0.10,0.109375,0.0,10,0.0,17,1
HORIZONTAL|sparse|0.10,0.109375,0.0125,10,0.7,17,5
HORIZONTAL|sparse|0.10,0.096875,0.0140625,10,0.5,17,11
HORIZONTAL|sparse|0.10,0.1,0.0,10,0.0,17,17
HORIZONTAL|sparse|0.20,0.1734375,0.0,10,0.0,1,1
HORIZONTAL|sparse|0.20,0.165625,0.0390625,10,1.0,1,75
HORIZONTAL|sparse|0.20,0.15625,0.0359375,10,1.0,1,89
HORIZONTAL|sparse|0.20,0.1640625,0.0421875,10,1.0,1,149
HORIZONTAL|sparse|0.20,0.1390625,0.0390625,10,1.0,75,1
HORIZONTAL|sparse|0.20,0.2046875,0.0,10,0.0,75,75
HORIZONTAL|sparse|0.20,0.2203125,0.0453125,10,1.0,75,89
HORIZONTAL|sparse|0.20,0.215625,0.0640625,10,1.0,75,149
HORIZONTAL|sparse|0.20,0.1546875,0.0359375,10,1.0,89,1
HORIZONTAL|sparse|0.20,0.18125,0.0453125,10,1.0,89,75
HORIZONTAL|sparse|0.20,0.19375,0.0,10,0.0,89,89
HORIZONTAL|sparse|0.20,0.2296875,0.05,10,1.0,89,149
HORIZONTAL|sparse|0.20,0.121875,0.0421875,10,1.0,149,1
HORIZONTAL|sparse|0.20,0.2078125,0.0640625,10,1.0,149,75
HORIZONTAL|sparse|0.20,0.2015625,0.05,10,1.0,149,89
HORIZONTAL|sparse|0.20,0.20625,0.0,10,0.0,149,149
