mean_context_rate,mean_exact_rate,mean_functional_rate,mean_gain_vs_sham,mean_harm_rate,mean_neutral_entropy,rule_id
1.0,1.0,1.0,0.0,0.0,4.1305800264640665e-11,0
0.9583333333333334,0.9041666666666668,0.9833333333333333,0.15411979166666664,0.0,0.36258994379332793,1
1.0,1.0,1.0,0.04044791666666667,0.0,0.2693955361717296,2
0.9708333333333333,0.9208333333333333,0.9958333333333332,0.15469270833333335,0.0,0.40951538612825406,3
1.0,1.0,1.0,0.017364583333333333,0.0,0.27218345769312485,4
0.8916666666666666,0.8666666666666667,0.9916666666666666,0.16025,0.0,0.41357274990701615,5
0.9583333333333334,0.9208333333333334,0.9833333333333334,0.0868125,0.0,0.39347291391655936,6
0.9583333333333334,0.9333333333333332,0.9916666666666667,0.14120833333333335,0.0,0.25936336095236295,7
1.0,1.0,1.0,0.0,0.0,4.1305800264640665e-11,8
0.7291666666666666,0.6208333333333333,0.7374999999999999,0.16832812500000002,0.06250000000000001,0.7827355289065873,9
1.0,1.0,1.0,0.0791875,0.0,0.44126255776449336,10
0.9083333333333332,0.8583333333333333,0.9208333333333331,0.1704713541666667,0.004166666666666667,0.6191087823100058,11
1.0,1.0,1.0,0.059223958333333326,0.0,0.44492592679403,12
0.8916666666666667,0.8124999999999999,0.9083333333333333,0.13713020833333334,0.0,0.9628123282651808,13
0.9416666666666665,0.8208333333333333,0.8916666666666666,0.12220833333333332,0.0,0.625920805422303,14
1.0,1.0,1.0,0.16028645833333335,0.0,0.5008675318271937,15
1.0,1.0,1.0,0.03814062500000001,0.0,0.2693955361717296,16
0.9624999999999999,0.9458333333333333,0.9958333333333332,0.15557812499999998,0.0,0.40951538612825406,17
0.3083333333333334,0.25,0.5875,0.11697395833333335,0.025000000000000005,0.470536273229795,18
0.9666666666666667,0.9291666666666666,0.9916666666666667,0.15785416666666666,0.0,0.30795572151079115,19
0.9874999999999999,0.9791666666666666,0.9958333333333332,0.08391145833333331,0.0,0.3916500022062113,20
0.9541666666666666,0.9291666666666666,0.9791666666666666,0.14053125,0.0,0.2600509432386176,21
0.17916666666666667,0.15833333333333333,0.21666666666666667,0.08686197916666667,0.24583333333333332,0.5556049941023874,22
0.9625,0.9166666666666666,0.9916666666666667,0.1483515625,0.0,0.29179895639536463,23
1.0,1.0,1.0,0.05420833333333333,0.0,0.4051107298362486,24
0.7041666666666666,0.6416666666666667,0.7875000000000001,0.1597421875,0.041666666666666664,0.7776715886679058,25
0.4583333333333334,0.3958333333333333,0.6291666666666667,0.136640625,0.0625,0.647837171018858,26
0.9500000000000001,0.9125,0.9916666666666666,0.15646093749999998,0.0,0.4971866495419299,27
0.8624999999999999,0.6916666666666665,0.8874999999999998,0.14295052083333334,0.008333333333333333,0.965347291010329,28
0.9874999999999999,0.8999999999999999,0.9833333333333334,0.1618125,0.0,0.5008675318271937,29
0.3333333333333333,0.2833333333333333,0.31666666666666665,0.1471328125,0.07083333333333335,0.9868219684816921,30
0.975,0.9500000000000001,1.0,0.12857552083333332,0.0,0.27492619867449114,31
1.0,1.0,1.0,0.0,0.0,4.1305800264640665e-11,32
0.9916666666666666,0.9208333333333333,0.9791666666666665,0.16719791666666664,0.0,0.5695061014150037,33
1.0,1.0,1.0,0.05980729166666667,0.0,0.44492592679403,34
0.9083333333333332,0.8749999999999999,0.975,0.15729427083333333,0.004166666666666667,0.5501249366253081,35
1.0,1.0,1.0,0.0113515625,0.0,0.27748095982725957,36
0.8083333333333335,0.6958333333333333,0.8749999999999999,0.18254166666666663,0.020833333333333332,0.735870255515659,37
0.9958333333333332,0.9916666666666667,0.9958333333333332,0.08790624999999998,0.0,0.5081953951281527,38
0.9166666666666666,0.875,0.9958333333333332,0.15630729166666665,0.0,0.49363687464664885,39
1.0,1.0,1.0,0.0,0.0,4.1305800264640665e-11,40
0.5958333333333333,0.5541666666666667,0.6291666666666667,0.18653385416666668,0.07916666666666668,0.6980723899605721,41
0.9958333333333332,0.975,0.9958333333333332,0.09206249999999999,0.0,0.5398921243219115,42
0.8708333333333332,0.7958333333333334,0.8624999999999999,0.17812239583333334,0.012500000000000002,0.6275698147813206,43
1.0,1.0,1.0,0.03678125000000001,0.0,0.3852309797833284,44
0.3041666666666667,0.25,0.2833333333333334,0.14757552083333336,0.05416666666666667,0.9834243067441485,45
0.9958333333333332,0.9833333333333333,0.9916666666666667,0.10829166666666667,0.0,0.5996294884911287,46
0.875,0.8166666666666668,0.8999999999999999,0.15815364583333333,0.012499999999999999,0.6154856890712175,47
1.0,1.0,1.0,0.06322916666666668,0.0,0.44492592679403,48
0.9333333333333332,0.8833333333333333,0.9791666666666666,0.15653645833333332,0.004166666666666667,0.5493846897242732,49
0.8958333333333334,0.7749999999999999,0.975,0.1339921875,0.0,0.998435643828257,50
1.0,1.0,1.0,0.16328125000000002,0.0,0.5008675318271937,51
0.9791666666666666,0.9625,1.0,0.08855208333333332,0.0,0.5114839858216335,52
0.9416666666666665,0.9166666666666669,0.9791666666666665,0.15604947916666664,0.0,0.49270276123039053,53
0.45416666666666666,0.375,0.6125,0.16436197916666664,0.06666666666666667,0.9131900365520353,54
0.9458333333333333,0.9041666666666667,0.9916666666666667,0.14146354166666666,0.0,0.3049899180243652,55
0.9666666666666667,0.9208333333333333,0.9625,0.08184375,0.0,0.5398921243219115,56
0.7749999999999999,0.6666666666666666,0.7583333333333334,0.16497135416666667,0.054166666666666675,0.9660715522474385,57
0.8666666666666666,0.7208333333333333,0.85,0.14788541666666669,0.012499999999999999,0.9833481966043842,58
0.9416666666666665,0.8875000000000001,0.9666666666666667,0.151734375,0.0,0.5512517095755878,59
0.041666666666666664,0.0,0.1708333333333333,0.15000520833333333,0.0,0.8329465122482738,60
0.5791666666666666,0.5041666666666668,0.7333333333333334,0.16467968750000003,0.004166666666666667,0.7793925108834422,61
0.8125000000000001,0.7083333333333334,0.9375,0.14557812499999997,0.024999999999999998,0.9562137934858677,62
0.9666666666666667,0.9291666666666667,1.0,0.12840625000000003,0.0,0.3793759725611103,63
1.0,1.0,1.0,0.0,0.0,4.1305800264640665e-11,64
0.6666666666666669,0.5833333333333334,0.7541666666666668,0.16362760416666663,0.05416666666666667,0.7853066140002314,65
1.0,1.0,1.0,0.053075520833333334,0.0,0.4041595521317464,66
0.7416666666666666,0.6708333333333334,0.8125000000000001,0.16389583333333332,0.04583333333333334,0.7787235487617238,67
1.0,1.0,1.0,0.05986979166666668,0.0,0.44492592679403,68
0.8499999999999998,0.7999999999999999,0.9375,0.13750781250000002,0.0,0.9624206423943354,69
0.8541666666666665,0.7458333333333335,0.9208333333333334,0.1435703125,0.004166666666666667,0.9655825413863165,70
0.9958333333333332,0.9125,0.9833333333333333,0.159328125,0.0,0.5008675318271937,71
1.0,0.9958333333333332,1.0,0.009677083333333334,0.0,0.18201088576316884,72
0.55,0.5041666666666667,0.6250000000000001,0.16140364583333336,0.020833333333333332,0.9607806729306522,73
0.9416666666666665,0.9166666666666666,0.9833333333333333,0.10582291666666667,0.008333333333333333,0.48074703492172266,74
0.41250000000000003,0.3375000000000001,0.3875,0.17011979166666666,0.04583333333333334,0.9802029929894752,75
0.9958333333333332,0.9916666666666667,1.0,0.098109375,0.0,0.5398921243219115,76
0.8999999999999999,0.7833333333333333,0.975,0.13420833333333332,0.0,0.998435643828257,77
0.8541666666666665,0.75,0.8624999999999999,0.1369713541666667,0.004166666666666667,0.9651963736597841,78
0.8791666666666665,0.7958333333333333,0.8791666666666665,0.13410156250000002,0.0,0.9599726979410871,79
1.0,0.9916666666666667,1.0,0.07763020833333333,0.0,0.44126255776449336,80
0.8333333333333334,0.7583333333333333,0.9333333333333332,0.16598437500000002,0.0,0.6181037307436679,81
0.44999999999999996,0.3833333333333333,0.5791666666666666,0.13686979166666668,0.07500000000000001,0.6469915854165861,82
0.9541666666666666,0.9291666666666666,0.9958333333333332,0.16095052083333336,0.0,0.49673397008792586,83
0.9125,0.8249999999999998,0.8624999999999999,0.12175260416666667,0.016666666666666666,0.6258809980612491,84
1.0,1.0,1.0,0.15546875000000002,0.0,0.5008675318271937,85
0.3333333333333333,0.2541666666666667,0.2833333333333334,0.14762500000000003,0.08750000000000001,0.9866567352017688,86
0.9583333333333334,0.9250000000000002,0.9791666666666666,0.12854947916666667,0.0,0.27984120434810617,87
0.9375,0.9166666666666669,0.9708333333333332,0.10831510416666668,0.004166666666666667,0.48484931383154617,88
0.3875,0.3416666666666666,0.37916666666666665,0.17156250000000003,0.07916666666666668,0.980234308861974,89
0.0,0.0,0.3583333333333334,0.021968750000000006,1.0,0.2511776733110364,90
0.85,0.7208333333333333,0.8708333333333335,0.17421875,0.016666666666666666,0.7346517230444504,91
0.8791666666666665,0.7666666666666666,0.8708333333333331,0.13649739583333334,0.004166666666666667,0.965619655387695,92
0.8583333333333333,0.8125,0.9041666666666667,0.13897135416666667,0.0,0.96038891957259,93
0.7708333333333334,0.6749999999999999,0.9416666666666665,0.15055729166666665,0.004166666666666667,0.9881713759765228,94
0.9208333333333334,0.9,0.9791666666666666,0.134640625,0.0,0.3898137733694076,95
1.0,1.0,1.0,0.0,0.0,4.1305800264640665e-11,96
0.5708333333333334,0.525,0.6166666666666666,0.17505989583333334,0.0625,0.6985630903393488,97
0.975,0.9041666666666667,0.9583333333333334,0.08607291666666667,0.004166666666666667,0.5398921243219115,98
0.7791666666666667,0.6541666666666667,0.7875,0.16189322916666668,0.02916666666666667,0.9660715522474385,99
1.0,1.0,1.0,0.03753906249999999,0.0,0.38713300662679545,100
0.3458333333333334,0.2666666666666666,0.3208333333333333,0.14741145833333333,0.05833333333333333,0.9831779209940148,101
0.054166666666666675,0.0,0.2125,0.14917708333333332,0.0,0.8329465122482738,102
0.5208333333333334,0.45416666666666666,0.7374999999999999,0.14811979166666664,0.049999999999999996,0.7823421698819971,103
1.0,1.0,1.0,0.005299479166666667,0.0,0.11957759983932685,104
0.041666666666666664,0.0,0.09583333333333334,0.08311979166666666,0.0,0.837904428409829,105
0.5791666666666667,0.5208333333333333,0.725,0.17048958333333333,0.03333333333333333,0.6260369611511454,106
0.39999999999999997,0.375,0.5083333333333334,0.14784635416666664,0.07916666666666666,0.7325255910152407,107
0.9874999999999999,0.9833333333333334,0.9958333333333332,0.09070052083333335,0.0,0.5293433801105797,108
0.48333333333333334,0.4333333333333333,0.5458333333333333,0.15196354166666667,0.05000000000000001,0.9705902990427125,109
0.46249999999999997,0.3375000000000001,0.41250000000000003,0.15851562500000002,0.0625,0.9571821820034949,110
0.5916666666666667,0.47083333333333327,0.7166666666666667,0.16624479166666664,0.09999999999999999,0.7856767641696778,111
0.9666666666666667,0.9666666666666667,1.0,0.09611979166666666,0.0,0.5398921243219115,112
0.8333333333333331,0.7416666666666666,0.8916666666666666,0.173921875,0.0,0.6275187591170548,113
0.8958333333333334,0.7583333333333333,0.8999999999999999,0.1508671875,0.008333333333333333,0.9833673536210384,114
0.9374999999999999,0.9,0.9541666666666666,0.152171875,0.004166666666666667,0.5498203490335455,115
0.9791666666666666,0.9541666666666666,0.9958333333333332,0.111015625,0.0,0.6011216366040777,116
0.8333333333333334,0.7458333333333332,0.9125,0.153609375,0.004166666666666667,0.615898488876924,117
0.8625000000000002,0.7583333333333333,0.8999999999999999,0.1462578125,0.0,0.9565671199267861,118
0.9666666666666667,0.9625,1.0,0.12727083333333333,0.0,0.3793759725611103,119
0.5041666666666667,0.42083333333333334,0.6666666666666666,0.16308333333333333,0.02916666666666667,0.6248822395548165,120
0.4541666666666666,0.40416666666666673,0.5333333333333333,0.15757291666666665,0.10416666666666667,0.7345512806868971,121
0.05833333333333334,0.016666666666666666,0.05833333333333334,0.03868749999999999,0.26666666666666666,0.9442049879113136,122
0.9874999999999999,0.9249999999999998,0.9583333333333331,0.15560416666666668,0.0,0.5696971541267034,123
0.4875,0.41666666666666674,0.5124999999999998,0.17396614583333334,0.041666666666666664,0.9575388967276665,124
0.5291666666666667,0.42083333333333334,0.6708333333333334,0.15308593750000002,0.12083333333333335,0.7887852947626609,125
0.09166666666666667,0.06250000000000001,0.18333333333333332,0.06785416666666667,0.5166666666666667,0.8648175375113212,126
0.9458333333333333,0.9249999999999999,0.9833333333333334,0.109234375,0.0,0.33151528358841037,127
1.0,1.0,1.0,0.0,0.0,4.1305800264640665e-11,128
0.09583333333333334,0.06250000000000001,0.18333333333333332,0.06785416666666667,0.5166666666666667,0.8648175375113211,129
1.0,1.0,1.0,0.07033072916666668,0.0,0.4744457314105131,130
0.8791666666666665,0.7291666666666666,0.9208333333333334,0.14483333333333331,0.012500000000000002,0.954764736588419,131
1.0,1.0,1.0,0.03749999999999999,0.0,0.34697249602662383,132
0.7583333333333334,0.6791666666666667,0.9541666666666666,0.15008593750000002,0.004166666666666667,0.987703605085683,133
0.9041666666666665,0.8541666666666666,0.9416666666666665,0.12553124999999998,0.020833333333333332,0.6069512056850601,134
0.3125,0.22916666666666666,0.2791666666666667,0.14326822916666668,0.07916666666666666,0.9873379932916057,135
1.0,1.0,1.0,0.004447916666666666,0.0,0.0176762819337549,136
0.48333333333333334,0.41666666666666674,0.4958333333333333,0.17146874999999998,0.05416666666666667,0.9596376472660603,137
0.9208333333333334,0.8833333333333333,0.9791666666666666,0.14809895833333334,0.0,0.5333557719635745,138
0.975,0.9708333333333332,0.9916666666666667,0.10749999999999998,0.0,0.6011216366040777,139
0.9916666666666667,0.9833333333333334,1.0,0.06851562500000001,0.0,0.45546912168448656,140
0.8541666666666666,0.7833333333333332,0.8958333333333331,0.14805468750000003,0.004166666666666667,0.9678418008042885,141
0.8333333333333331,0.7416666666666666,0.8916666666666666,0.173921875,0.0,0.6275187591170548,142
0.9208333333333334,0.8333333333333334,0.9125,0.12364843749999999,0.008333333333333333,0.6259197478995691,143
1.0,1.0,1.0,0.06728645833333334,0.0,0.4707286436091624,144
0.9041666666666667,0.7833333333333332,0.9375,0.1385546875,0.012500000000000002,0.9549704653606678,145
0.6958333333333333,0.6458333333333334,0.7666666666666667,0.17402604166666666,0.024999999999999998,0.616308630927496,146
0.46249999999999997,0.3333333333333333,0.5708333333333334,0.15806250000000002,0.06666666666666667,0.9174822809264079,147
0.9249999999999999,0.8666666666666667,0.9458333333333333,0.12677604166666667,0.004166666666666667,0.6074337325839219,148
0.34166666666666673,0.28333333333333327,0.3208333333333333,0.15094791666666668,0.075,0.9866443826143462,149
0.041666666666666664,0.0,0.09583333333333334,0.08311979166666666,0.0,0.837904428409829,150
0.08750000000000001,0.07916666666666666,0.1708333333333333,0.06382552083333333,0.34166666666666673,0.5016414015532634,151
0.9791666666666666,0.9541666666666666,0.9958333333333332,0.0818359375,0.0,0.5007428770496208,152
0.054166666666666675,0.0,0.2125,0.14917708333333332,0.0,0.8329465122482738,153
0.6708333333333333,0.65,0.8250000000000002,0.16167447916666666,0.008333333333333333,0.6140333451869727,154
0.9833333333333333,0.9791666666666666,0.9916666666666667,0.088875,0.0,0.5124185503366347,155
0.8458333333333333,0.7000000000000001,0.8999999999999999,0.13948958333333336,0.008333333333333333,0.9660715522474385,156
0.8458333333333333,0.7083333333333331,0.8458333333333332,0.14327864583333336,0.0,0.9634658693281516,157
0.7791666666666667,0.7333333333333334,0.8208333333333333,0.13284635416666665,0.02916666666666667,0.799782811928941,158
0.9874999999999999,0.9375,0.9874999999999999,0.08112760416666666,0.004166666666666667,0.3635754177489121,159
0.9625,0.9625,0.9625,0.002041666666666667,0.0,0.04113499019893366,160
0.06250000000000001,0.012500000000000002,0.1125,0.04271093750000001,0.46666666666666673,0.8683643164990125,161
0.9791666666666666,0.9625,0.9958333333333332,0.11344010416666668,0.0,0.6157749247326734,162
0.8249999999999998,0.7041666666666666,0.8916666666666667,0.14633593749999999,0.012499999999999999,0.9835561701148734,163
0.9625,0.9541666666666666,0.9625,0.0258671875,0.0,0.26898464707395064,164
0.0,0.0,0.3583333333333334,0.021968750000000006,1.0,0.25117767331103585,165
0.8458333333333332,0.8166666666666668,0.9416666666666668,0.16728645833333333,0.004166666666666667,0.5916632250833636,166
0.4291666666666667,0.38333333333333336,0.6041666666666666,0.125015625,0.22083333333333333,0.6533783171002637,167
0.8125,0.8125,0.8291666666666666,0.029427083333333336,0.0,0.12254966345405305,168
0.5208333333333334,0.4458333333333333,0.6583333333333333,0.16404427083333334,0.024999999999999998,0.7088027517708562,169
1.0,1.0,1.0,0.15546875000000002,0.0,0.5008675318271937,170
0.9750000000000001,0.9583333333333334,0.9916666666666667,0.093484375,0.0,0.5584937583926614,171
0.8083333333333332,0.7916666666666666,0.8208333333333333,0.06346614583333333,0.004166666666666667,0.3886554710277977,172
0.9583333333333334,0.9416666666666668,0.975,0.10445833333333333,0.008333333333333333,0.48092864770194405,173
0.9541666666666666,0.9208333333333333,0.9958333333333332,0.1611927083333333,0.0,0.5550093165382297,174
0.9916666666666667,0.9833333333333333,0.9916666666666667,0.07560416666666667,0.0,0.44126255776449336,175
0.975,0.9583333333333334,0.9958333333333332,0.11714843750000002,0.0,0.6157749247326734,176
0.8666666666666666,0.7541666666666665,0.8666666666666667,0.1533125,0.016666666666666666,0.9835232291352726,177
0.8999999999999999,0.7833333333333333,0.975,0.13420833333333332,0.0,0.998435643828257,178
0.9458333333333333,0.8166666666666665,0.9708333333333332,0.13889062500000002,0.0,0.9979799838575066,179
0.85,0.8166666666666665,0.9375,0.16703125,0.016666666666666666,0.5915013063100752,180
0.4708333333333334,0.39166666666666666,0.5499999999999999,0.13289322916666665,0.15833333333333333,0.655886944611679,181
0.5958333333333333,0.525,0.6625000000000001,0.154671875,0.0375,0.6915845058631801,182
0.26666666666666666,0.21666666666666665,0.6791666666666667,0.12416666666666669,0.029166666666666664,0.4121352594650609,183
0.9166666666666666,0.8958333333333334,0.9583333333333334,0.152984375,0.0,0.5008675318271937,184
0.9416666666666665,0.8874999999999998,0.9416666666666665,0.08566666666666667,0.012500000000000002,0.5584937583926614,185
0.8958333333333331,0.7916666666666666,0.8999999999999999,0.11343229166666667,0.024999999999999998,0.8323376881800422,186
0.9916666666666667,0.9916666666666667,1.0,0.059921875000000006,0.0,0.44492592679403,187
0.8125,0.7791666666666667,0.8666666666666667,0.09381770833333332,0.0,0.7195089867226968,188
1.0,1.0,1.0,0.053075520833333334,0.0,0.4041595521317464,189
0.9166666666666666,0.8833333333333333,0.8958333333333334,0.07392708333333334,0.025000000000000005,0.6599162075912212,190
1.0,1.0,1.0,0.039260416666666666,0.0,0.25337049550055873,191
1.0,1.0,1.0,0.004283854166666667,0.0,0.0176762819337549,192
0.4375,0.37083333333333335,0.47500000000000003,0.16834635416666666,0.0625,0.9599186384511963,193
0.9666666666666667,0.9625,0.9874999999999999,0.0782890625,0.0,0.4983576743018774,194
0.041666666666666664,0.0,0.1708333333333333,0.15000520833333333,0.0,0.8329465122482738,195
0.9874999999999999,0.9874999999999999,0.9916666666666667,0.06806510416666668,0.0,0.45546912168448656,196
0.8833333333333333,0.8041666666666667,0.9208333333333333,0.14570572916666666,0.004166666666666667,0.9674145992562022,197
0.8458333333333332,0.7000000000000001,0.9125,0.1461901041666667,0.004166666666666667,0.9660715522474385,198
0.8416666666666667,0.6999999999999998,0.8500000000000001,0.1481901041666667,0.0,0.9636225825681728,199
0.9541666666666666,0.9083333333333333,0.9916666666666667,0.1404270833333333,0.0,0.37567417106176126,200
0.9916666666666667,0.9916666666666667,1.0,0.09272916666666668,0.0,0.5569049156834947,201
0.5583333333333333,0.5541666666666667,0.5708333333333333,0.08072395833333333,0.0,0.3869002907733607,202
1.0,1.0,1.0,0.036359375,0.0,0.38841639260366495,203
1.0,1.0,1.0,0.16328125000000002,0.0,0.5008675318271937,204
0.9916666666666666,0.9874999999999999,1.0,0.09728645833333333,0.0,0.5584937583926614,205
0.8291666666666666,0.8250000000000001,0.8916666666666666,0.08629166666666666,0.0,0.6600905388415849,206
0.9958333333333332,0.9958333333333332,1.0,0.06187500000000002,0.0,0.44492592679403,207
0.9541666666666665,0.9416666666666665,0.9916666666666667,0.14812499999999998,0.0,0.5333557719635745,208
0.9791666666666666,0.9624999999999999,0.9833333333333333,0.113359375,0.0,0.5996294884911287,209
0.6541666666666667,0.6458333333333334,0.7875000000000001,0.16222135416666664,0.012499999999999999,0.6148326865432152,210
1.0,0.9833333333333333,0.9916666666666666,0.09627083333333332,0.0,0.5094443974402626,211
0.8708333333333332,0.7958333333333334,0.8624999999999999,0.17812239583333334,0.012500000000000002,0.6275698147813206,212
0.9083333333333332,0.8374999999999999,0.8833333333333332,0.13065625,0.008333333333333333,0.6258799412277923,213
0.7541666666666668,0.7124999999999999,0.7916666666666666,0.12700260416666667,0.012499999999999999,0.7973620708809698,214
0.9833333333333334,0.9499999999999998,0.975,0.08346875000000002,0.0,0.36303319307973075,215
0.5499999999999999,0.5499999999999999,0.5499999999999999,0.08152864583333333,0.0,0.38673679401226657,216
1.0,1.0,1.0,0.037893229166666674,0.0,0.3874954845782134,217
0.7250000000000001,0.7041666666666666,0.7333333333333334,0.01975520833333334,0.016666666666666666,0.3039191167928858,218
1.0,1.0,1.0,0.0113515625,0.0,0.27748095982725957,219
0.8458333333333332,0.8333333333333331,0.8958333333333334,0.08280729166666669,0.0,0.6600905388415849,220
1.0,1.0,1.0,0.061354166666666675,0.0,0.44492592679403,221
0.9833333333333334,0.9083333333333332,1.0,0.048958333333333326,0.020833333333333332,0.3950808864785837,222
1.0,1.0,1.0,0.019624999999999997,0.0,0.25906805210930345,223
0.8041666666666667,0.7999999999999999,0.8208333333333333,0.03057552083333333,0.0,0.12254966345405305,224
0.5208333333333334,0.4458333333333333,0.6750000000000002,0.16391666666666668,0.04166666666666668,0.7083816759007662,225
0.875,0.7875,0.9125,0.14263541666666665,0.008333333333333333,0.5008675318271937,226
0.9624999999999999,0.9291666666666667,0.975,0.09235937500000001,0.008333333333333333,0.5584937583926614,227
0.8083333333333332,0.7999999999999999,0.8166666666666668,0.06556510416666667,0.0,0.3883787639828809,228
0.9500000000000001,0.9333333333333332,0.9833333333333333,0.11112239583333333,0.0,0.47921999501697954,229
0.8166666666666668,0.7875,0.8791666666666665,0.09869791666666668,0.0,0.7160194709953095,230
1.0,1.0,1.0,0.05420833333333333,0.0,0.4051107298362486,231
0.9625,0.9166666666666666,0.9916666666666667,0.1483515625,0.0,0.2917989563953648,232
1.0,1.0,1.0,0.005776041666666668,0.0,0.11328127702592879,233
0.5583333333333333,0.5583333333333333,0.575,0.06697395833333335,0.0,0.142738818496431,234
1.0,1.0,1.0,0.0,0.0,4.130495033802062e-11,235
0.975,0.9500000000000001,1.0,0.16163541666666667,0.0,0.3982752512295589,236
1.0,1.0,1.0,0.008156250000000002,0.0,0.16782674466949432,237
0.8458333333333333,0.8416666666666668,0.8416666666666668,0.026143229166666667,0.0,0.2525753725634289,238
1.0,1.0,1.0,0.0,0.0,4.130495033802062e-11,239
1.0,1.0,1.0,0.16028645833333335,0.0,0.5008675318271937,240
0.9874999999999999,0.9791666666666665,1.0,0.09993229166666666,0.0,0.5584937583926614,241
0.9125000000000001,0.8333333333333334,0.9208333333333333,0.1240625,0.016666666666666666,0.8323376881800422,242
1.0,1.0,1.0,0.065953125,0.0,0.44492592679403,243
0.9624999999999999,0.9458333333333333,0.9833333333333334,0.16647916666666665,0.0,0.5550093165382297,244
1.0,0.9958333333333332,0.9958333333333332,0.08313541666666667,0.0,0.44126255776449336,245
0.9083333333333332,0.9041666666666667,0.9208333333333334,0.07965625,0.012499999999999999,0.6621709595612314,246
1.0,1.0,1.0,0.04101041666666666,0.0,0.25337049550055873,247
0.5541666666666666,0.5416666666666666,0.5666666666666667,0.06977604166666666,0.0,0.142738818496431,248
1.0,1.0,1.0,0.0,0.0,4.130495033802062e-11,249
0.7374999999999999,0.7374999999999999,0.7374999999999999,0.003645833333333333,0.008333333333333333,0.27234836328058415,250
1.0,1.0,1.0,0.0,0.0,4.130495033802062e-11,251
0.85,0.8458333333333332,0.8458333333333332,0.026276041666666666,0.0,0.2525753725634289,252
1.0,1.0,1.0,0.0,0.0,4.130495033802062e-11,253
1.0,1.0,1.0,0.003026041666666667,0.0,0.04044195517105934,254
1.0,1.0,1.0,0.0,0.0,4.130495033802062e-11,255
