context,pareto_rules,shortlist
HORIZONTAL|balanced|0.05,"[11, 14, 15, 28, 43, 50, 57, 70, 99, 113, 142, 143, 154, 180, 199, 210, 212, 240]","[113, 142, 143, 14, 180, 210, 154, 11]"
HORIZONTAL|balanced|0.10,"[15, 28, 43, 57, 70, 71, 75, 99, 113, 142, 154, 156, 166, 177, 179, 180, 184, 210, 212, 240]","[99, 75, 57, 184, 177, 166, 180, 210]"
HORIZONTAL|balanced|0.20,"[15, 41, 43, 45, 50, 51, 57, 73, 75, 89, 106, 113, 124, 137, 142, 154, 169, 184, 199, 212, 240]","[57, 41, 137, 45, 106, 89, 124, 75]"
HORIZONTAL|dense|0.05,"[11, 28, 33, 37, 42, 43, 46, 57, 58, 59, 60, 63, 70, 91, 93, 94, 98, 106, 111, 112, 114, 116, 118, 121, 130, 131, 133, 139, 144, 146, 147, 157, 162, 163, 177, 179, 195, 197, 199, 200, 210, 212]","[43, 212, 60, 195, 37, 118, 63, 59]"
HORIZONTAL|dense|0.10,"[14, 37, 42, 54, 58, 61, 62, 92, 93, 94, 99, 106, 107, 109, 111, 114, 119, 123, 124, 127, 130, 133, 138, 139, 141, 152, 156, 176, 177, 179, 193, 194, 197, 199, 208, 209]","[127, 119, 111, 54, 138, 193, 109, 37]"
HORIZONTAL|dense|0.20,"[42, 46, 58, 62, 73, 78, 89, 95, 99, 107, 114, 118, 119, 120, 127, 130, 139, 141, 146, 156, 162, 163, 176, 178, 182, 197, 208]","[127, 89, 99, 95, 119, 73, 182, 120]"
HORIZONTAL|single|0.05,"[1, 9, 25, 28, 37, 41, 50, 54, 60, 65, 69, 94, 107, 118, 121, 131, 133, 137, 141, 145, 147, 174, 177, 179, 195, 197, 198, 201, 225, 246]","[41, 1, 37, 25, 94, 133, 174, 147]"
HORIZONTAL|single|0.10,"[1, 5, 17, 30, 37, 45, 50, 62, 65, 67, 69, 73, 89, 91, 94, 97, 101, 114, 124, 131, 137, 141, 156, 158, 163, 169, 177, 179, 188, 197, 198, 206, 220, 225, 230, 244, 246, 252]","[1, 97, 5, 17, 37, 67, 244, 91]"
HORIZONTAL|single|0.20,"[1, 41, 50, 57, 58, 75, 94, 99, 114, 118, 145, 149, 163, 177, 179, 188, 197]","[1, 75, 41, 57, 99, 197, 149, 188]"
HORIZONTAL|sparse|0.05,"[1, 9, 11, 25, 30, 43, 54, 57, 58, 60, 62, 70, 78, 79, 92, 94, 99, 114, 125, 131, 133, 135, 157, 158, 177, 179, 186, 190, 195, 198, 199, 201, 212, 242, 244, 246]","[1, 60, 195, 25, 11, 43, 212, 244]"
HORIZONTAL|sparse|0.10,"[1, 5, 9, 11, 17, 30, 37, 41, 45, 46, 57, 58, 65, 67, 78, 84, 86, 92, 97, 99, 101, 110, 114, 116, 124, 137, 139, 141, 146, 171, 174, 177, 179, 182, 185, 188, 190, 193, 197, 209, 210, 230, 241, 242, 246]","[1, 5, 17, 11, 174, 37, 146, 58]"
HORIZONTAL|sparse|0.20,"[1, 3, 7, 19, 43, 50, 75, 78, 86, 89, 92, 99, 114, 137, 141, 149, 182, 197, 212, 242, 244]","[75, 149, 89, 1, 3, 7, 182, 43]"
