context,global_rule,mean_gain_difference_selected_minus_global,median_gain_difference,n,p_holm,p_unadjusted,random_rule,selected_rule,state
HORIZONTAL|balanced|0.05,113,0.0,0.0,30,1.0,1.0,36,113,FAIL_TO_REJECT_H0
HORIZONTAL|balanced|0.10,113,0.11810416666666666,0.164375,30,0.36946305369463056,0.07389261073892611,63,99,FAIL_TO_REJECT_H0
HORIZONTAL|balanced|0.20,113,0.07637500000000003,0.1278125,30,0.547945205479452,0.136986301369863,231,57,FAIL_TO_REJECT_H0
HORIZONTAL|dense|0.05,113,-0.004770833333333338,-0.009687499999999995,30,1.0,0.7788221177882212,253,43,FAIL_TO_REJECT_H0
HORIZONTAL|dense|0.10,113,0.04383333333333333,0.05187499999999999,30,0.20077992200779923,0.025097490250974904,186,127,FAIL_TO_REJECT_H0
HORIZONTAL|dense|0.20,113,0.04077083333333333,0.058437499999999996,30,0.30416958304169583,0.05069493050694931,161,127,FAIL_TO_REJECT_H0
HORIZONTAL|single|0.05,113,0.045979166666666654,0.06687499999999999,30,0.05039496050394961,0.005599440055994401,235,41,FAIL_TO_REJECT_H0
HORIZONTAL|single|0.10,113,0.05458333333333334,0.055624999999999994,30,0.0011998800119988001,9.999000099990002e-05,38,1,SUPPORTED
HORIZONTAL|single|0.20,113,0.06120833333333333,0.060624999999999984,30,0.0021997800219978004,0.00019998000199980003,230,1,SUPPORTED
HORIZONTAL|sparse|0.05,113,0.009437500000000007,-0.0075,30,1.0,0.47255274472552744,37,1,FAIL_TO_REJECT_H0
HORIZONTAL|sparse|0.10,113,0.033791666666666664,0.01968749999999999,30,0.2015798420157984,0.0287971202879712,123,1,FAIL_TO_REJECT_H0
HORIZONTAL|sparse|0.20,113,0.06035416666666667,0.07531249999999999,30,0.028997100289971,0.0028997100289971,67,75,SUPPORTED
