experiment,claim,state
E0_ADDRESSABILITY,H0a,SUPPORTED
E0_ADDRESSABILITY,H0b,SUPPORTED
E0_ADDRESSABILITY,H0c,SUPPORTED
E0_ADDRESSABILITY,H0d,SUPPORTED
E0_ADDRESSABILITY,H0e,OBSERVED
E1_ECA,G1,SUPPORTED
E1_ECA,H1a,SUPPORTED
E1_ECA,H1b,SUPPORTED
E1_ECA,H1c,SUPPORTED
E1_ECA,H1d,NOT_SUPPORTED
E1_ECA,H1e,FAIL_TO_REJECT_H0
E1_ECA,H1e_v2,FAIL_TO_REJECT_H0
E2_LIFE,H2a,SUPPORTED
E2_LIFE,H2b,SUPPORTED
E2_LIFE,H2c,OBSERVED
E2_LIFE,H2d,SUPPORTED
E3_MINESWEEPER,H3a,SUPPORTED
E3_MINESWEEPER,H3b,SUPPORTED
E3_MINESWEEPER,H3c,SUPPORTED
