seq,breakpoint,root,mmr_root_after
0,UFA-JEV-BP-0001,e544afa90816d5c28afbdaa2b9e13f641fcc9e55da0d094920d0c0e80a780949,eac48d908682aefacca08326d374d1772d3b1bef79f2c445e9bc60e4030142bb
1,UFA-JEV-BP-0002,53fc96b2e09678f9119539d9960344ab15396ae819f6e7304b2d93ae3ba6f62c,bd2facb24b5be15e3021b45ad0de0e3aae8a6e7244cee41c0de76f97fa55f544
2,UFA-JEV-BP-0003,40cb3c1b13b3137f1eb098aa02c03e469381baa2f08720e7719edbf761e8fc08,d61fef1091d74229ba974a0e0be449f78e5948bb29756ae75dfd79f32443a9a2
3,UFA-JEV-BP-0004,5fe8ae2bef94d8012d0e1ee4465d82d812c6e4cc5b0a4c2fd9083d1b9b791324,ae8709d1ad93ea711326dcc9e5dbdb6ccb177db72575616fe017f5e6f344e8a2
4,UFA-JEV-BP-0005,f4ac6bdac405f40257c2a7a4a7a49251641790a1a0cee6505096386d973ec13f,4c5100bb1bd8131ed8fd5e2a083e82a869aeab5470d0f0f913b9187c6dd07092
5,UFA-JEV-BP-0006,b2e540759ced2031d606d7382a57f0de39ebbf3c88e6595541e924d82a44c49d,ffd3d4639dec5a98372a37d689251433d01fffad317a5cff863caa067e180df6
6,UFA-JEV-BP-0007,6eea18b32f5b020c1951b1c1217a9b0f5124a13f0bf19938aaa0d13cc5400f62,ae3a05cefd19ab3bd6af721aa70ee8e5520487a4cee5cdd84d31f3cc89a5727e
7,UFA-JEV-BP-0008,9e9a392a58359f319fdef2d9fe59d22c108489230abf62cd309d72c5fd2b79ac,55556fb32de26551eaf8658ee312efbf76b0b4eee436c24885ad3f07b889d744
8,UFA-JEV-BP-0009,76aecd6c04f0534b45d4f63006ae69455b082d8643bfa1147607ea3115efea1d,d107aaae3264bf7396e73b3ab48f97394f98c29f752b1166ffcecadcc538f394
9,UFA-JEV-BP-0010,8e63f3a097ae8022fa132e931504e17581e1f5ad39288c0e5ecac501e91f567e,270053cd3cbf09c8f2875b8c44f5f19a81054d7675d94b2204f4fabef031c425
10,UFA-JEV-BP-0011,06933cfd1b82b47934f7853ff5458a3eb437b7bbd856716eb580637f4dd04da9,836b22d82982e322b1b9190b9c4b20e95479da6b640fcfd9fb920ff620cbf567
11,UFA-JEV-BP-0012,bc7829011804cf1349cc9383f68ba28493fa6db2521608f48dc66200e3cff988,4ba4e03d1b81e8da895b3b4b83c933cf27a0ff5dde740d947ed2157755bc9e38
12,UFA-JEV-BP-0013,5a64d4a5298630c7cf65317bff1f4f31b786e8e471430f2058fcd690fe28ae5b,ac330ed465c25d42a56726cfdb3319bb992f0f4f9858c3c52cb224a85068b734
13,UFA-JEV-BP-0014,62ba6f78de3eaa9051c7618e4184a93b45a5d48de0d2399d41225a45f529c2c8,1d82244501468b65deea5dd9c0ce0a257b6eb921085f5bb5f04ef78a36fba313
14,UFA-JEV-BP-0015,1071979df23c4b5b31d8a4319faa912154cdc7f26f69cc8162569292822a2784,4ed2857b222bf4453f65e02c39ae3d248cca8cbb8bdd0c26f08cf907716ae8ed
15,UFA-JEV-BP-0016,51bd062b39fdaeaaca92f3f6d30a50a0dbc54c325b2326cc2b82de09d6872938,1303f691fcfdee6145f710febf29e2146b6ced8c2f89b643dd1e4371cafbabe7
16,UFA-JEV-BP-0017,66638254248ff4a718063020a40c2b3fe39ed992b656aac3ab937b669e1cce77,7963f6fb34256050c18ff5670dd16d699cf25befeb07ad211d9594853db9ceb1
17,UFA-JEV-BP-0018,541a295037231b7d7cfa1f0d20bc5e61b9d7bd536bf3caaf6a87fc647d852be8,08b86981d8cc5f8f9bf7fbc68333c672ccc1ab75fbdf2e1ca77ca251b7a42c0d
18,UFA-JEV-BP-0019,a32d8000d471b73aa0a8da64014404bb2a887ad3831d11545cd5591b2bd94f8c,e8e0de7b6617b15f06cf268a04c1f2b835a3489d25d276311d4997b99b790e89
19,UFA-JEV-BP-0020,23e45097955d0a62d1de282dd47f0ac0b5774060f4a980da8693aeb15d9fa06f,4b1ab52ae6ad0dc8e7a436fc91947fa25946d2edf5e16378222abc947388ef26
20,UFA-JEV-BP-0021,d2da0b62e50873f8f0d4a90b8a90414c25bac2f37636c4304d38d5ec180648b2,91f9774b46a239dc3d8314cf2968ec955329de968dfa0802cfa2d5bea30a42b5
21,UFA-JEV-BP-0022,df163dde1fe575f699324df5f9fc9216fd3c5b02d2e7581478f18af07b35f951,929b767a0f3a1175966dddb9a61ee6e292d5f21168b46a7e9a285268a611c326
22,UFA-JEV-BP-0023,faee265a537b97f741580513c31658d5ee220d0d6bfd443e1052632fdda3908d,5af168dcbc2878c9ecd124b4cde747b236a4197f8e52d71e35de52d2842b68bd
23,UFA-JEV-BP-0024,ea5a307a15265675e41bdb5ccd78a063a9841208aad0dfb77297330fd5b87f3d,a461def1576e4a0600cb3c738e885961678dfef300a1696e958c6b9173d76692
